{
  "train_mel_loss": [
    0.263053419255323,
    0.17521108936884128,
    0.15884453686759953,
    0.14811981843127403,
    0.14034043698538468,
    0.13471152508046635,
    0.12972106367847938,
    0.12599091650566493,
    0.12270161757062811,
    0.12024015217955188,
    0.11813136973411263,
    0.11603739295464247,
    0.11424132835967898,
    0.11253011034562492,
    0.11076157522802728,
    0.10959602725624781,
    0.10739357280821218,
    0.10585448292547188,
    0.10380418167852404,
    0.10239123062360247,
    0.1025063873599198,
    0.1003001877774827,
    0.10034712706617167,
    0.09776671797422916,
    0.09722902337661839,
    0.09723138492936198,
    0.09566812121189786,
    0.09522080325401974,
    0.09768730749204321,
    0.09473665091163903
  ],
  "train_postnet_loss": [
    0.28130095550929074,
    0.15387386921089957,
    0.13517885184178718,
    0.12373422760970512,
    0.11516134039033707,
    0.10934092923436221,
    0.10424135435280162,
    0.10038129776764457,
    0.09707469838352908,
    0.09464248305964239,
    0.09274857989165775,
    0.09074055053848279,
    0.08924490804537857,
    0.08782750497920742,
    0.08645763263877927,
    0.08561953504398032,
    0.08385212628618928,
    0.08281492146119845,
    0.08134902389609569,
    0.08033934280179851,
    0.0803001077269016,
    0.07877857383931339,
    0.0788233999641132,
    0.07699678917420463,
    0.07655691464372309,
    0.07654196128827855,
    0.07536732437975198,
    0.07506989201826185,
    0.07697169348485004,
    0.07463756215305518
  ],
  "train_gate_loss": [
    0.005137131905947744,
    0.0038005048615060255,
    0.0037455366694086113,
    0.003695371224692628,
    0.003664855035388603,
    0.0036428513518005144,
    0.0036328506301596215,
    0.0036207935541763725,
    0.003612329923430259,
    0.003601528224942175,
    0.0035970697434118746,
    0.0035923521238868453,
    0.0035915295396275423,
    0.0035875579882252403,
    0.0035850793806918393,
    0.003589436726317115,
    0.003580470023146291,
    0.003577842361302775,
    0.0035660427323408917,
    0.00356703567215138,
    0.003568528550717188,
    0.003559049025621012,
    0.0035613798984691115,
    0.0035523781670958703,
    0.0035497184870202,
    0.0035484456350452225,
    0.0035434393366666145,
    0.0035433889567116606,
    0.0035536469336088744,
    0.003542914792584876
  ],
  "train_total_loss": [
    0.5494915063391482,
    0.3328854639038942,
    0.29776892495193913,
    0.275549417206899,
    0.2591666323258396,
    0.24769530554644628,
    0.2375952687914189,
    0.22999300732967537,
    0.22338864595469535,
    0.21848416367009235,
    0.21447701922576662,
    0.21037029575439975,
    0.20707776620903703,
    0.20394517320580982,
    0.20080428691068514,
    0.19880499891703698,
    0.19482616925895407,
    0.1922472466623256,
    0.18871924801937584,
    0.18629760932510853,
    0.18637502351785812,
    0.1826378104981224,
    0.1827319069828802,
    0.17831588539715854,
    0.17733565666496817,
    0.17732179214717758,
    0.17457888489980913,
    0.17383408438747883,
    0.17821264790196248,
    0.17291712854961747
  ],
  "val_mel_loss": [
    0.19867295757370088,
    0.1719323279860529,
    0.15984156680772604,
    0.15063749365870235,
    0.1436642841662018,
    0.13795561755745156,
    0.13291124807833468,
    0.13049242967396107,
    0.12689762168283603,
    0.12462350321047515,
    0.1231074486542674,
    0.12052398688584856,
    0.11901691451090053,
    0.11729343362080241,
    0.11576364279806035,
    0.11390525724702669,
    0.11108412441698093,
    0.11019126727309042,
    0.10663232431539053,
    0.10544191973591313,
    0.10451835256467745,
    0.10353625790008063,
    0.10260108919832313,
    0.10179528586783455,
    0.10372728084042235,
    0.10092065266324478,
    0.1005182000763208,
    0.09999117342013757,
    0.10041916894825917,
    0.09987440141080653
  ],
  "val_postnet_loss": [
    0.15892358952500288,
    0.12965155736479944,
    0.11605653872044341,
    0.10969427647521195,
    0.1061099991564033,
    0.09647027511619827,
    0.09073239751160145,
    0.08887235993899188,
    0.08492229754123294,
    0.08355456174721995,
    0.08292430950310624,
    0.08084517872883278,
    0.08082909464329771,
    0.08055192830710156,
    0.08024131638694157,
    0.0768881213028454,
    0.07805155843351651,
    0.07790485264968525,
    0.07535036418189123,
    0.07501996943311205,
    0.07366742134021903,
    0.07346974486864886,
    0.07258641839172077,
    0.0722771930933288,
    0.07219312980192379,
    0.07079434324309085,
    0.07072912820262238,
    0.07031723656194303,
    0.07068816487433262,
    0.07054078173868865
  ],
  "val_gate_loss": [
    0.004212368740835815,
    0.003972556664680754,
    0.003976530536728938,
    0.0039177718267152176,
    0.003887508218221873,
    0.003873475449774595,
    0.0038629414760100755,
    0.0038566250711209275,
    0.003830006031898185,
    0.0038318543760467645,
    0.0038534662702111797,
    0.0038466159066691706,
    0.003886503656846878,
    0.0038495504441987544,
    0.003886826353337507,
    0.0038674998241793185,
    0.0038974747170233033,
    0.0038592022509106156,
    0.003842235076042272,
    0.0038346872660467058,
    0.00383954740454922,
    0.0038221051568364346,
    0.0038144819164937995,
    0.003825598903841258,
    0.0038282354023235227,
    0.003840401935960772,
    0.0037988343805038524,
    0.003830407894198394,
    0.0037943263780054392,
    0.00381758364450946
  ],
  "val_total_loss": [
    0.3618089162464281,
    0.30555644067167076,
    0.2798746372166189,
    0.26424954332483624,
    0.25366179203813516,
    0.2382993678589469,
    0.2275065864318783,
    0.22322141465920847,
    0.21564992495532176,
    0.21200991870419492,
    0.20988522448296687,
    0.20521578033572263,
    0.20373251267428538,
    0.20169491219578436,
    0.19989178481611233,
    0.19466087880354482,
    0.19303315805578694,
    0.19195532277949806,
    0.18582492357897526,
    0.18429657639664354,
    0.18202532075562525,
    0.18082810779219693,
    0.17900199016321053,
    0.17789807799950386,
    0.17974864517890135,
    0.1755553979824469,
    0.17504616269787537,
    0.17413881746599974,
    0.1749016599169055,
    0.17423276643006547
  ],
  "epochs": [
    0,
    1,
    2,
    3,
    4,
    5,
    6,
    7,
    8,
    9,
    10,
    11,
    12,
    13,
    14,
    15,
    16,
    17,
    18,
    19,
    20,
    21,
    22,
    23,
    24,
    25,
    26,
    27,
    28,
    29
  ]
}